<?xml version="1.0" ?>
<XML_DIZ_INFO>
	<MASTER_PAD_VERSION_INFO>
		<MASTER_PAD_VERSION>3.01</MASTER_PAD_VERSION>
		<MASTER_PAD_EDITOR>PADGen 3.0.1.38 http://www.padgen.org</MASTER_PAD_EDITOR>
		<MASTER_PAD_INFO>Portable Application Description, or PAD for short, is a data set that is used by shareware authors to disseminate information to anyone interested in their software products. To find out more go to http://www.asp-shareware.org/pad</MASTER_PAD_INFO>
	</MASTER_PAD_VERSION_INFO>
	<Company_Info>
		<Company_Name>Rubicon Computer Labs Inc.</Company_Name>
		<Address_1>Box 1776</Address_1>
		<Address_2 />
		<City_Town>Chelsea</City_Town>
		<State_Province>QC</State_Province>
		<Zip_Postal_Code>J9B1A1</Zip_Postal_Code>
		<Country>Canada</Country>
		<Company_WebSite_URL>http://www.rubicon.ca</Company_WebSite_URL>
		<Contact_Info>
			<Author_First_Name>Lee-Jeff</Author_First_Name>
			<Author_Last_Name>Bell</Author_Last_Name>
			<Author_Email>software@rubicon.ca</Author_Email>
			<Contact_First_Name>Lee-Jeff</Contact_First_Name>
			<Contact_Last_Name>Bell</Contact_Last_Name>
			<Contact_Email>software@rubicon.ca</Contact_Email>
		</Contact_Info>
		<Support_Info>
			<Sales_Email>software@rubicon.ca</Sales_Email>
			<Support_Email>software@rubicon.ca</Support_Email>
			<General_Email>software@rubicon.ca</General_Email>
			<Sales_Phone />
			<Support_Phone />
			<General_Phone />
			<Fax_Phone />
		</Support_Info>
	</Company_Info>
	<Program_Info>
		<Program_Name>Hilbert Neue Fonts</Program_Name>
		<Program_Version>2.00</Program_Version>
		<Program_Release_Month>03</Program_Release_Month>
		<Program_Release_Day>19</Program_Release_Day>
		<Program_Release_Year>2009</Program_Release_Year>
		<Program_Cost_Dollars>12</Program_Cost_Dollars>
		<Program_Cost_Other_Code />
		<Program_Cost_Other />
		<Program_Type>Shareware</Program_Type>
		<Program_Release_Status>Minor Update</Program_Release_Status>
		<Program_Install_Support>Install and Uninstall</Program_Install_Support>
		<Program_OS_Support>Windows2000,WinXP,Windows2003</Program_OS_Support>
		<Program_Language>English,Danish,French,German,Italian,Portuguese,Spanish,Swedish</Program_Language>
		<Program_Change_Info>New font hinting, Unicode indexes for encoding, Preview and Print embedding permissions.</Program_Change_Info>
		<Program_Specific_Category>Utilities</Program_Specific_Category>
		<Program_Category_Class>Desktop::Cursors &amp; Fonts</Program_Category_Class>
		<Program_System_Requirements>No special requirements.</Program_System_Requirements>
		<File_Info>
			<File_Size_Bytes>28902</File_Size_Bytes>
			<File_Size_K>28</File_Size_K>
			<File_Size_MB>0.03</File_Size_MB>
		</File_Info>
		<Expire_Info>
			<Has_Expire_Info>N</Has_Expire_Info>
			<Expire_Count />
			<Expire_Based_On>Days</Expire_Based_On>
			<Expire_Other_Info />
			<Expire_Month />
			<Expire_Day />
			<Expire_Year />
		</Expire_Info>
	</Program_Info>
	<Program_Descriptions>
		<English>
			<Keywords>Rubicon, Hilbert Neue, Truetype, Realist, sans serif, font</Keywords>
			<Char_Desc_45>Realist sans serif font, neutral feel</Char_Desc_45>
			<Char_Desc_80>Realist sans serif font, neutral feel, like Helvetica Neue</Char_Desc_80>
			<Char_Desc_250>Rubicon Hilbert Neue Fonts. Realist sans serif font with a neutral feel. Like Helvetica Neue. An unobtrusive typeface that seems to be everywhere. An all purpose design, great for posters, signage, corporate word marks, and other graphic material.</Char_Desc_250>
			<Char_Desc_450>Rubicon Hilbert Neue Fonts. Realist sans serif font with a neutral feel. Like Helvetica Neue. An unobtrusive typeface that seems to be everywhere. An all purpose design, great for posters, signage, corporate word marks, and other graphic material. Now in Truetype, Type1, and OpenType formats. Accurate and hinted, matching font metrics, standard character set, kerning pairs. Professional print quality for inkjet, laser, typesetter to 3500 dpi.</Char_Desc_450>
			<Char_Desc_2000>Rubicon Hilbert Neue Fonts. Realist sans serif font with a neutral feel. Like Helvetica Neue. An unobtrusive typeface that seems to be everywhere. An all purpose design, great for posters, signage, corporate word marks, and other graphic material. Now in Truetype, Type1, and OpenType formats. Accurate and hinted, matching font metrics, standard character set, kerning pairs. Professional print quality for inkjet, laser, typesetter to 3500 dpi. Hilbert Neue 1 font set includes Light, Light Oblique, Normal, Oblique, Bold, Bold Oblique, Extrabold, Extrabold Oblique. Hilbert Neue 2 font set includes Extralight, Extralight Oblique, Medium, Medium Oblique, Ultrabold, and Ultrabold Oblique.</Char_Desc_2000>
		</English>
	</Program_Descriptions>
	<Web_Info>
		<Application_URLs>
			<Application_Info_URL>http://www.rubicon.ca/samp_p23.htm</Application_Info_URL>
			<Application_Order_URL>http://www.rubicon.ca</Application_Order_URL>
			<Application_Screenshot_URL>http://www.rubicon.ca/samp_p23.gif</Application_Screenshot_URL>
			<Application_Icon_URL>http://www.rubicon.ca/truetype.gif</Application_Icon_URL>
			<Application_XML_File_URL>http://www.rubicon.ca/it23r4.xml</Application_XML_File_URL>
		</Application_URLs>
		<Download_URLs>
			<Primary_Download_URL>ftp://ftp.rubicon.ca/outgoing/HilbertNeueDemo_TT.zip</Primary_Download_URL>
			<Secondary_Download_URL />
			<Additional_Download_URL_1 />
			<Additional_Download_URL_2 />
		</Download_URLs>
	</Web_Info>
	<Permissions>
		<Distribution_Permissions>PREAMBLE

Let the accompanying computer software be referred to as the Software. This consists of computer software, data files, and documentation.

Let any potential distributor reading this document be referred to as the Distributor.

Let the Author refer to Rubicon Computer Labs Inc., the owner and author of the Software.

Let a Distributor Making Full Disclosure refer to a shareware distributor that tells customers they are selling shareware, explains the nature of shareware, claims no ownership rights in the software, and explains that separate payments are required to shareware authors, for use of the software beyond an evaluation period.

COPYRIGHT

The accompanying computer software, data files, and documentation is Copyright (c) 1994-2009 Rubicon Computer Labs Inc. All rights are reserved. Distribution restriction rights are claimed under that copyright and are outlined below.

GENERAL REQUIREMENTS FOR DISTRIBUTION

Only complete copies of the Software may be distributed. All component files must be kept together and may not be modified in any way. The Distributor may add supplemental text files, including helpful tips and advertising.

PERMISSION TO DISTRIBUTE

IF the Distributor is a distributor making Full Disclosure, and does not bundle the Software with any other product or service, THEN the Distributor is granted permission to distribute the Software and need not obtain written permission.

OTHER RESTRICTIONS

No person or organization may bundle the Software with any other product or service without the prior written permission of Rubicon Computer Labs; i.e. copies of the Software may not be given away free with the purchase of another product or service.</Distribution_Permissions>
		<EULA>SHAREWARE LICENCE

Rubicon Computer Labs hereby grants to the User a non-exclusive licence to use the accompanying software, hereinafter referred to as the Shareware, subject to the following terms and conditions.

1. The User may use the Shareware only for the purposes of testing, demonstration, or review. Use of the Shareware for any other purpose is contrary to law, until the prescribed user's licence fee is remitted to Rubicon Computer Labs or an authorized dealer.

2. The User may make additional copies of the Shareware for transfer to others for purposes of demonstration, testing, and review. These copies must be complete, with nothing added or omitted. The User may not charge any fee for providing copies of the Shareware.

3. The Shareware is licensed to the User without warranty of any kind, express or implied, except as to title, and all other such warranties, including those otherwise implied by statute or common law, are hereby expressly disclaimed.

4. Except as and to the extent expressly stipulated herein, neither Rubicon Computer Labs, nor any successor to or affiliate of Rubicon Computer Labs, nor any officer, employee, agent, or representative of either, shall be liable for any loss, damage, claim, liability, or expense, of any kind or nature whatsoever, arising out of or in connection with the acquisition, installation, or use, or attempted installation or use, of the Shareware, including, without restricting the generality of the foregoing, any loss or damage, direct or consequential, caused in whole or in part by any real or alleged failure of or defect in the Shareware.

5. Acceptance, installation and/or use of the Shareware by the User constitutes acceptance of the terms and conditions of this licence.</EULA>
	</Permissions>
	<Affiliates>
		<Affiliates_FORM>Y</Affiliates_FORM>
		<Affiliates_VERSION>1.4</Affiliates_VERSION>
		<Affiliates_URL>http://www.asp-shareware.org/pad/extensions/Affiliates.htm</Affiliates_URL>
		<Affiliates_Information_Page />
		<Affiliates_Avangate_Order_Page />
		<Affiliates_Avangate_Vendor_ID />
		<Affiliates_Avangate_Product_ID />
		<Affiliates_Avangate_Maximum_Commission_Rate />
		<Affiliates_BMTMicro_Order_Page />
		<Affiliates_BMTMicro_Vendor_ID />
		<Affiliates_BMTMicro_Product_ID />
		<Affiliates_BMTMicro_Maximum_Commission_Rate />
		<Affiliates_Cleverbridge_Order_Page />
		<Affiliates_Cleverbridge_Vendor_ID />
		<Affiliates_Cleverbridge_Product_ID />
		<Affiliates_Cleverbridge_Maximum_Commission_Rate />
		<Affiliates_clixGalore_Order_Page />
		<Affiliates_clixGalore_Vendor_ID />
		<Affiliates_clixGalore_Product_ID />
		<Affiliates_clixGalore_Maximum_Commission_Rate />
		<Affiliates_CommissionJunction_Order_Page />
		<Affiliates_CommissionJunction_Vendor_ID />
		<Affiliates_CommissionJunction_Product_ID />
		<Affiliates_CommissionJunction_Maximum_Commission_Rate />
		<Affiliates_DigiBuy_Order_Page />
		<Affiliates_DigiBuy_Vendor_ID />
		<Affiliates_DigiBuy_Product_ID />
		<Affiliates_DigiBuy_Maximum_Commission_Rate />
		<Affiliates_DigitalCandle_Order_Page />
		<Affiliates_DigitalCandle_Vendor_ID />
		<Affiliates_DigitalCandle_Product_ID />
		<Affiliates_DigitalCandle_Maximum_Commission_Rate />
		<Affiliates_Emetrix_Order_Page />
		<Affiliates_Emetrix_Vendor_ID />
		<Affiliates_Emetrix_Product_ID />
		<Affiliates_Emetrix_Maximum_Commission_Rate />
		<Affiliates_eSellerate_Order_Page />
		<Affiliates_eSellerate_Vendor_ID />
		<Affiliates_eSellerate_Product_ID />
		<Affiliates_eSellerate_Maximum_Commission_Rate />
		<Affiliates_Kagi_Order_Page />
		<Affiliates_Kagi_Vendor_ID />
		<Affiliates_Kagi_Product_ID />
		<Affiliates_Kagi_Maximum_Commission_Rate />
		<Affiliates_LinkShare_Order_Page />
		<Affiliates_LinkShare_Vendor_ID />
		<Affiliates_LinkShare_Product_ID />
		<Affiliates_LinkShare_Maximum_Commission_Rate />
		<Affiliates_NorthStarSol_Order_Page />
		<Affiliates_NorthStarSol_Vendor_ID />
		<Affiliates_NorthStarSol_Product_ID />
		<Affiliates_NorthStarSol_Maximum_Commission_Rate />
		<Affiliates_OneNetworkDirect_Order_Page />
		<Affiliates_OneNetworkDirect_Vendor_ID />
		<Affiliates_OneNetworkDirect_Product_ID />
		<Affiliates_OneNetworkDirect_Maximum_Commission_Rate />
		<Affiliates_Order1_Order_Page />
		<Affiliates_Order1_Vendor_ID />
		<Affiliates_Order1_Product_ID />
		<Affiliates_Order1_Maximum_Commission_Rate />
		<Affiliates_Osolis_Order_Page />
		<Affiliates_Osolis_Vendor_ID />
		<Affiliates_Osolis_Product_ID />
		<Affiliates_Osolis_Maximum_Commission_Rate />
		<Affiliates_Plimus_Order_Page />
		<Affiliates_Plimus_Vendor_ID />
		<Affiliates_Plimus_Product_ID />
		<Affiliates_Plimus_Maximum_Commission_Rate />
		<Affiliates_Regnet_Order_Page />
		<Affiliates_Regnet_Vendor_ID />
		<Affiliates_Regnet_Product_ID />
		<Affiliates_Regnet_Maximum_Commission_Rate />
		<Affiliates_Regnow_Order_Page />
		<Affiliates_Regnow_Vendor_ID />
		<Affiliates_Regnow_Product_ID />
		<Affiliates_Regnow_Maximum_Commission_Rate />
		<Affiliates_Regsoft_Order_Page />
		<Affiliates_Regsoft_Vendor_ID />
		<Affiliates_Regsoft_Product_ID />
		<Affiliates_Regsoft_Maximum_Commission_Rate />
		<Affiliates_ShareIt_Order_Page />
		<Affiliates_ShareIt_Vendor_ID />
		<Affiliates_ShareIt_Product_ID />
		<Affiliates_ShareIt_Maximum_Commission_Rate />
		<Affiliates_Shareasale_Order_Page />
		<Affiliates_Shareasale_Vendor_ID />
		<Affiliates_Shareasale_Product_ID />
		<Affiliates_Shareasale_Maximum_Commission_Rate />
		<Affiliates_SWReg_Order_Page />
		<Affiliates_SWReg_Vendor_ID />
		<Affiliates_SWReg_Product_ID />
		<Affiliates_SWReg_Maximum_Commission_Rate />
		<Affiliates_V-Share_Order_Page />
		<Affiliates_V-Share_Vendor_ID />
		<Affiliates_V-Share_Product_ID />
		<Affiliates_V-Share_Maximum_Commission_Rate />
		<Affiliates_VFree_Order_Page />
		<Affiliates_VFree_Vendor_ID />
		<Affiliates_VFree_Product_ID />
		<Affiliates_VFree_Maximum_Commission_Rate />
		<Affiliates_Yaskifo_Order_Page />
		<Affiliates_Yaskifo_Vendor_ID />
		<Affiliates_Yaskifo_Product_ID />
		<Affiliates_Yaskifo_Maximum_Commission_Rate />
	</Affiliates>
</XML_DIZ_INFO>
